source_platform,reviewer,location,subreddit,date,created_utc,rating,score,title,text,source_url
App Store,angel jivu,IN,nan,2026-07-13T12:03:30-07:00,nan,5.0,nan,safe,good product nd delivry very  nice bro,https://apps.apple.com/in/app/id960335206
App Store,aditikaundilya,IN,nan,2026-07-13T11:29:32-07:00,nan,5.0,nan,Exceptional Service,I have been a Blinkit user for 4 years now. It has become a part of my daily life.,https://apps.apple.com/in/app/id960335206
App Store,KBunnyXX,IN,nan,2026-07-13T10:33:23-07:00,nan,5.0,nan,You are awesome!,5 stars for constant on time deliveries and excellent ambulance services,https://apps.apple.com/in/app/id960335206
App Store,Umansh12,IN,nan,2026-07-13T10:28:31-07:00,nan,1.0,nan,Worse app,"Delivery is always late, delivers wrong product often without intimation, not expected from such a reputable app",https://apps.apple.com/in/app/id960335206
App Store,Tango9870,IN,nan,2026-07-13T09:31:21-07:00,nan,1.0,nan,Cheaters,Off lately this company has become arrogant and keeps cheating its customers when it comes to missing items and forces customers to take partial refunds,https://apps.apple.com/in/app/id960335206
App Store,Best ad blocker app,IN,nan,2026-07-13T09:02:43-07:00,nan,5.0,nan,Fast and reasonable,Getting things very quick and in reasonable price thank you,https://apps.apple.com/in/app/id960335206
App Store,Karnx13,IN,nan,2026-07-13T09:01:11-07:00,nan,1.0,nan,Automatically changes the address,"It automatically changes my delivery location when i pay, and then if i want to change address, its not allowing. Total loss of time and money",https://apps.apple.com/in/app/id960335206
App Store,AchhuSo,IN,nan,2026-07-13T08:18:07-07:00,nan,4.0,nan,Blinkit items price,Service is too good but items are heavily priced compared to offline,https://apps.apple.com/in/app/id960335206
App Store,ManuGouraha,IN,nan,2026-07-13T05:13:56-07:00,nan,5.0,nan,Good option if you are short of time,"I was expecting guests in 15 minutes. Ordered the products I needed and within 8 minutes got it delivered at home. Wow, time saved.",https://apps.apple.com/in/app/id960335206
App Store,Nehal bhadra,IN,nan,2026-07-13T02:59:53-07:00,nan,1.0,nan,They deliver wrong products,Very bad service! You order the product from the same Vendor and they say store is closed. As if we consumers are jobless and we will keep going through the same process again and again!!!,https://apps.apple.com/in/app/id960335206
App Store,mark sunar,IN,nan,2026-07-13T02:19:38-07:00,nan,1.0,nan,can be a lot better,some prices are higher compared to normal shops. plus delivery agents are rude,https://apps.apple.com/in/app/id960335206
App Store,Timsy jain,IN,nan,2026-07-12T23:20:38-07:00,nan,2.0,nan,Feedback,Taking longer time 18 min 20 min,https://apps.apple.com/in/app/id960335206
App Store,Hetashvi Parekh,IN,nan,2026-07-12T22:34:46-07:00,nan,1.0,nan,Expire date products,"Very disappointing experience. I received expired products, and some items even had fungus on them. Selling spoiled food is completely unacceptable.",https://apps.apple.com/in/app/id960335206
App Store,BoneDoc26,IN,nan,2026-07-12T21:43:49-07:00,nan,5.0,nan,Great amenity and tool,Great for last minute work and deliveries. Delivery personnel are quick and come all the way to the doorstep and are very professional.,https://apps.apple.com/in/app/id960335206
App Store,Gowthamaryan,IN,nan,2026-07-12T20:40:33-07:00,nan,5.0,nan,Your ambulance saved my friend life,Thank you from the bottom of my heart every single day I am going to use blinkit no matter what. Much gratitude forever.,https://apps.apple.com/in/app/id960335206
App Store,Fitt_Maan,IN,nan,2026-07-12T20:06:17-07:00,nan,5.0,nan,Genuine Feedback,"It's great platform because of fast delivery, genuine items and more things. Thanks Blinkit",https://apps.apple.com/in/app/id960335206
App Store,Zubair.Masudi,IN,nan,2026-07-12T18:49:48-07:00,nan,2.0,nan,Accidental debits won't be refunded,If your order is failed and your card/account is debited for the amount it doesn't get refunded. They don't even have the customer service to resolve your issues.,https://apps.apple.com/in/app/id960335206
App Store,shesh22jan,IN,nan,2026-07-12T11:17:44-07:00,nan,5.0,nan,Fantastic,Prompt service and almost everything is available.,https://apps.apple.com/in/app/id960335206
App Store,Lokendra Singh k,IN,nan,2026-07-12T10:16:13-07:00,nan,1.0,nan,Ice packet issue,I ordered 1 kg packet of ice that only consisted of 4-5 pieces of ice. The issue was escalated but the customer service denied it. Disappointed with the service and customer support.,https://apps.apple.com/in/app/id960335206
App Store,atulkr,IN,nan,2026-07-12T09:14:14-07:00,nan,5.0,nan,More relevant,It's more relevant when it comes to basic needs. I searched for Jute Bags to carry few items and it was available in varieties. Love you Blinkit!,https://apps.apple.com/in/app/id960335206
App Store,ron pande,IN,nan,2026-07-12T07:15:08-07:00,nan,1.0,nan,Surcharge,They apply unnecessary surcharges even after minimum cart value is fulfilled.,https://apps.apple.com/in/app/id960335206
App Store,deora neha,IN,nan,2026-07-12T06:38:44-07:00,nan,2.0,nan,Discounts less vs Zepto,Zepto giving good deals compared to blinkit,https://apps.apple.com/in/app/id960335206
App Store,Gliterryy,IN,nan,2026-07-12T06:32:22-07:00,nan,3.0,nan,Genuine review,People prefer using blinkit for everyday need but it gives free delivery only above 200. That's not good.,https://apps.apple.com/in/app/id960335206
App Store,Gokulpp,IN,nan,2026-07-12T06:32:18-07:00,nan,1.0,nan,Already paid but not order placed,This is my second time paying. Very disappointed. Amount deducted from UPI. Support not available!!,https://apps.apple.com/in/app/id960335206
App Store,JOSHIMM,IN,nan,2026-07-12T06:19:47-07:00,nan,5.0,nan,Excellent service,Boon for low developed location such as Shirdi. Totally swept away reliance mart market which has limited products and sometimes even cancels orders without prior notice.,https://apps.apple.com/in/app/id960335206
App Store,Kenzo Liam,IN,nan,2026-07-12T06:12:49-07:00,nan,5.0,nan,Happy Mother,"Since I have a toddler, it's not easy to go out when home alone. I am really glad that Blinkit makes it easy to get essential things. Kudos!",https://apps.apple.com/in/app/id960335206
App Store,Anirban IXVIII,IN,nan,2026-07-12T05:37:44-07:00,nan,2.0,nan,Ice creams melt,"Ice creams are melting, due to lack of icy packs that are used previously in home delivery.",https://apps.apple.com/in/app/id960335206
App Store,Yamiboro,IN,nan,2026-07-12T05:29:08-07:00,nan,1.0,nan,Fraud company,Go to zepto instead. Blinkit sells fraud products.,https://apps.apple.com/in/app/id960335206
App Store,Avishkar.k,IN,nan,2026-07-12T00:10:27-07:00,nan,5.0,nan,A heartfelt thank you to Blinkit Team,"A Blinkit ambulance arrived quickly during a medical emergency and provided its service completely free of cost. Thank you Blinkit for putting people first. Wishing your team continued success in this life-saving mission.",https://apps.apple.com/in/app/id960335206
App Store,BCyousucks,IN,nan,2026-07-11T23:55:59-07:00,nan,1.0,nan,Pathetic,"Very disappointing experience with Blinkit. Their customer support is one of the worst I've dealt with. Most products are sold at MRP with hardly any discounts. Getting a return or refund is extremely difficult.",https://apps.apple.com/in/app/id960335206
